x1,x2,x3,target
-1.254598811526375,4.507143064099161,2.3199394181140507,-0.2641232039958299
0.986584841970366,-3.439813595575635,-3.4400547966379733,-2.3457726735277538
-4.419163878318005,3.6617614577493516,1.0111501174320878,3.318993285651046
2.0807257779604544,-4.7941550570419755,4.699098521619943,-7.40038750666584
3.324426408004218,-2.8766088932172384,-3.181750327928994,-2.6526916684199797
-3.165954901465662,-1.9575775704046228,0.24756431632237863,1.6473741657656877
-0.6805498135788426,-2.0877085980195806,1.118528947223795,0.31313206572654817
-3.6050613934795814,-2.0785535146478185,-1.336381567063083,1.2686579120204227
-0.43930015782964027,2.8517596139301364,-3.003262178416403,-3.256125521742465
0.14234438413611628,0.9241456886204249,-4.5354958728000225,-9.403531511350758
1.0754485190143832,-3.294758763127085,-4.349484070147205,-6.415227415641655
4.488855372533333,4.656320330745594,3.0839734811646107,-3.014825887205545
-1.9538623082662934,-4.023278859936161,1.8423302651215687,-0.23718113216589248
-0.5984750626039865,-3.7796176515522117,-0.048230898887298146,2.496165464607598
-4.656114788847816,4.093204020787821,-2.412200183999831,0.7769119625838743
1.6252228435398202,-1.8828892391058902,0.20068021177810813,2.952588828902833
0.4671027934327965,-3.1514554447447294,4.695846277645586,-8.344261028860894
2.7513282336111455,4.394989415641891,3.9482735042764876,-4.914800849274239
0.9789997881108512,4.218742350231167,-4.115074979480805,-5.038199409693302
-3.040171375808548,-4.54772711089462,-1.7466966923673564,1.8204955336618298
-1.1132271031051797,-2.286509682261041,3.2873750915192943,-4.518240367707542
-1.432466733064107,-2.1906549031261924,0.4269608315824849,0.5115984535585042
-3.5907577502523735,3.0219698075403976,-4.254493563202292,-6.252410184953624
4.868869366005173,2.7224476929665737,-3.012843184658276,-3.2462329701597117
-4.944778828763976,3.154614284548341,2.0685734384761716,1.5623251613784233
2.2900716804098735,2.712703466859457,-4.259553482659096,-5.761754711828375
-1.4153427145572737,-3.841309404748703,3.6310342587559354,-4.9308773530528205
1.2329812682755792,-1.6910197514735081,-4.364416497139763,-7.627848895365726
-1.890176782843378,-1.7481667797325295,2.2960617833806403,-2.309200790699951
1.3755747135521315,3.8721274257632654,-0.27785074838050683,3.7926626484837715
-3.804057540616983,2.1324478722299496,2.6078504861689744,-1.3611900889419564
0.6127719756949626,2.7096717995456103,-0.06204403635609257,2.4074088013021067
0.2273282938199408,-0.7245898164145039,-4.745808732559048,-10.510824190467492
-3.9210857300669555,-4.685708143132658,1.3641041126378042,2.891506506098209
-1.856440189236733,0.08570691164702815,4.0756647392609295,-9.247844035199027
-2.5070777085112503,-0.8961707696437031,2.5555113854304867,-3.49613512778715
-2.7120183450837754,-4.23020090171207,-2.1024854708623195,0.24304953189238687
-3.387787127459956,4.29697652342573,3.0812037956441696,-1.811896425666642
1.3340375651042349,3.714605901877178,3.0367207689911453,-0.6771615619589977
-3.134299411139642,3.925589984899778,0.393422419156507,3.0237975723563477
3.0744015516406247,3.9609129992349317,-1.8199652502813612,0.6718871817206588
-3.8994807547232324,-2.720648374580583,-0.7289221137374371,2.2713333006675067
3.1801476592249305,3.6073058325634335,-4.930478694688093,-10.002353434061451
0.10747302577565776,-0.8258899685122101,-2.7789218952926973,-3.4289047902482808
-3.8013463266631717,-1.6238482859637204,4.4290970391251925,-7.929432378455442
-1.7679706797924477,0.1879062174336612,2.030189588951778,-3.441652795307428
-1.3637039762070602,4.717820827209607,4.624472949421111,-8.801423887837306
-2.4821770417463584,-0.02751494107614505,-1.9912169018323036,-2.8955578863510074
-2.151595056225324,-4.6311305264546725,1.0956433397989684,1.7371118305145796
0.0267902322886151,-4.485212487500107,-2.2135353576338854,0.6478055486900581
4.082658859666537,-2.604381093330276,-3.551051279087769,-5.27777405261025
-0.10547239722436963,4.856504541106007,-2.5794472848849956,-0.17684245423743014
1.721355474058786,2.6161961532871754,-2.6236245600760033,-0.5572091815225577
2.2821634861185958,-1.322168672807468,1.3230583059357945,0.8116525135019419
1.3352971076089473,0.357746840747585,-4.097102299455917,-6.798259111983787
3.35302495589238,-1.7921993502826417,-3.1348148960014575,-3.2833219295875398
-4.592248584452361,0.9089294318824184,1.7756436184228246,-0.37132627120269235
-4.834121710721439,0.12093058299281001,-2.7350422480206205,-2.4841903038138593
1.4517279040944988,-3.2563357099500854,1.90937738102466,1.8648036317470704
-1.132646536994626,4.367299887367345,-3.6247905585400675,-4.820179487372241
-1.589336489497415,-3.8652647875941093,4.246936182785628,-7.003579583740642
3.7733935338098092,-2.420583722848444,1.59984046034179,0.5166304068231163
3.172222002012159,0.5520081159946235,0.29650578356006463,-0.14536277851986873
-2.581477090995483,-4.068972321941008,3.972157579533267,-5.830126581622754
4.004180571633304,1.3310145727326796,-1.609702089512993,-0.7303757503668495
-1.507904253873391,2.259556788702394,3.9711025995257714,-6.9921964080655465
3.870864242651173,2.798755458576238,1.4203164615428774,0.6689651359260669
-4.158600350049512,-3.3837128590538623,3.985541885270793,-4.467875672451358
1.0642905965958995,-4.908029483833704,-3.9852845713396787,-3.7271731073046777
1.6350176910805576,-4.949384161537813,-3.3919194858250137,-1.9140246147134508
0.48733789366586144,1.918951976926932,1.5196125950260058,1.1716652726553562
-2.757306905394402,2.1217922134753584,-2.6275091250319993,-1.770810115047245
-1.7460030184073227,2.4649140511802416,1.496328990472147,-0.2163272860646211
3.4922341049417795,1.5761289230034334,0.6830860333547157,0.6583867578567382
-4.063252321719075,-1.3228419694056646,-2.3479763231827455,-1.4076541712069779
-2.5601035662091642,4.730105547524456,-1.069022753332396,2.1852226591879513
3.9204655517711338,1.311386259972629,2.948113035416484,-3.876011649962544
0.0263709310519209,0.7690388462635909,-0.07482306181136078,0.4695384931279363
-3.047570122019555,2.2245211526150532,-2.192276375591442,-0.3764777695491916
-4.756840335685462,1.4547229590716784,-3.2288932059295106,-3.1774662638706896
4.4045858435291425,4.539285770025874,4.148643902204485,-6.316312673036272
-1.2984129974455563,-4.845433834711326,4.283185625877254,-7.244087193183719
-0.7181585168268567,4.666548190436696,4.636199770892528,-8.286502065339805
3.5300945546736013,-2.055511079304143,-1.1490227139807474,0.5622436138235347
3.5113667151685686,-1.8307799484372236,-3.305072533139075,-4.284985359735774
0.5680126245835018,4.36154774160781,1.9602979667497298,1.5026022152268639
0.7006117008936492,-4.028235062292315,1.1500722669916978,2.7903697452561924
4.900538501042632,-3.59915984763476,0.1832965236373676,1.8844260481714192
3.7737307192795537,2.407686177542044,1.9701574099526802,-0.7461860233676175
2.024840839871093,-1.4050884878024483,-2.0640815573550664,-0.6235090885516406
3.093611554785136,3.1011339467918084,3.6707231858010374,-3.8018070103638726
4.132405525564714,0.11342398860937841,0.015162946871996041,-0.40936750078681683
2.9829517896677515,1.4996393077776515,2.0196687725770337,-1.0909114660544859
2.95792669436101,3.9000534181756628,-1.620048431484642,1.8629230141861708
-1.24417047360056,-4.06018060159131,0.7828014099617402,1.4569353949616055
-4.640577262032579,-0.3440198186753989,0.4264463470757658,1.0973946265466104
-2.134587478717156,0.9083326056901075,-4.694997500609506,-11.176851432434217
-4.626518112507856,3.2260056065965834,-1.3980935858873709,2.382897220231413
-3.7293948734811524,0.2224326005480437,2.6999355309861084,-3.277130938177261
-2.8417897250315685,1.2289047581900023,-4.14652535006232,-8.178965304535733
-4.483182788313923,0.3135463156814797,0.40635121610106495,0.7102026396994758
1.374299014982066,2.260913337226615,4.758520794625346,-8.780340566643288
0.1630034830119529,-1.7704352705875404,2.9518619476870365,-2.795263218819614
-2.291677487379258,-0.6102857929436389,-4.215436186577341,-9.534306979445196
-4.746492565845425,4.6264841467792515,3.359801205122059,-1.3308425355467466
1.9597420609369802,-0.9104705558573016,-3.2670567992915425,-3.3616011944542135
-3.4356295732891393,-2.497571018354047,0.4922666470612045,1.9739647594351042
2.145959227000623,1.6019737671773129,-2.2006610305405716,-0.23899519702493574
4.5486528066319405,2.3789691669576847,0.5435405251140066,0.9116057782920489
1.1172074623435222,-0.8039993757221007,-2.5226901049884254,-1.6429015326045628
-1.4402732134873841,2.578461104643691,-4.856065113702441,-10.724887020099716
-3.8392735949308374,-4.5399735797824725,-4.592711976810299,-6.6080355756116
3.5546058401100726,2.036578593800237,-0.2582617091267476,1.3484949202554084
-4.021658393489985,-0.08384124883167665,-0.2652822921943434,0.3712994537725263
-3.267981300899848,-0.6614835076202699,-1.0149526560262654,0.23468232934619654
1.1585009805221649,1.3509365086764378,-4.546959902279555,-8.116512674590323
-1.2538738537352878,1.2585991571423634,0.03136258580087681,-0.23031025882770984
3.564898411883222,1.5869363161894503,-3.370655729185703,-4.8220584175736265
-4.294312525995702,1.4241927820631561,-4.734886894583782,-8.98269697001194
0.8577558127346325,4.402302414249576,0.75474177875879,3.42333184823829
-1.118300737934781,1.4328821844235318,-0.41747109508483327,0.45156784051769044
0.4561678931593498,4.414648087765251,-1.1389736219922577,3.5209362825471326
4.611905638239142,4.053506419560637,-3.0420886521070356,-2.9996579754704626
-4.3063869912483455,-3.9922199862257335,-4.8177817434845025,-8.271567695385501
-4.055570392440716,1.8300677341635687,-4.28811351539771,-6.840894430610257
-1.8102436970623872,3.448753109694545,-4.767280642641741,-9.561728622273739
3.1446848258893585,-2.1814522522660007,-3.8183517237834375,-5.611539376245533
1.9673716536415062,1.2894284677988397,3.7747201352705293,-4.786575861328605
2.350710438038858,3.034809303848485,-2.179654274286935,0.25732006592958706
-3.225604562202772,2.506147516408584,3.0683473926726403,-2.43035179273294
4.905051420006734,-0.8738232308857352,-1.279819142072168,-1.4148862096115318
2.764129607419968,-1.5919645974698216,4.3075732560356474,-7.130687238248089
3.584127518430119,-0.710059726249817,2.5087106779149737,-2.5690404439503585
2.5454287408468232,-3.968761311640674,4.0255290667956665,-4.9525049240718015
0.05252372447857123,3.2645746610774165,-1.7995039896938825,0.7244703975079106
3.9552322849620047,-1.107983212658369,-4.891623485197016,-11.631968882711712
4.053819764192637,-4.087133232138664,-1.8068636240958513,0.3344418388074269
4.5006196705080495,4.506071469375561,0.7343788812328613,1.7979866810846576
1.3183721216979922,-0.5155447802168025,-2.0678922830193547,-0.9264692983688518
-1.7133545463008404,1.7251845607703844,2.5237452943768,-3.3700607529314186
2.915790437258485,2.896181427945539,-4.087938969513097,-5.896467450715294
-0.05579695297418574,-4.424412399833557,0.4952888232373551,2.6387555597554835
-0.5846949862662303,3.877041827582998,-1.4908498744792134,0.9633540419710933
-3.829329835723941,-3.5700831794716414,2.615106317174723,0.2692004954278771
1.182180633162611,-3.9887732387720973,-4.158931938850026,-5.27195142312256
2.0096913145911994,-4.272369936358064,3.218600592903563,-1.0728371358170876
2.0624222715649623,-4.186512193581002,-4.15162285914808,-4.900885695318528
4.866395785011754,-1.257292042438797,-1.293578529331091,-0.9606721796169582
3.1279956725750253,4.472485773838587,4.860010638228708,-8.51447214448732
2.5337818525894162,-1.2374041446908421,-4.164992833013312,-7.071814286807211
2.7714691592743677,0.58404249735805,-0.7577799075302369,0.5392936486466821
4.06354385094736,-3.888025176938487,-0.07374895709140894,2.270812233852852
-4.886463552325809,-0.3133935800587375,-4.436967243181627,-8.864157809150646
-3.8118208373192806,-3.8247375322289514,1.492103021160636,2.0734117620072587
2.4604487926542333,0.833687650971596,4.6217254847454186,-9.848332890401558
-1.2512942047629592,-2.1428791371813927,3.6859912818946032,-6.268956275096063
-2.764041614805474,4.632225394406113,-4.878455253101837,-8.271954423275938
4.69878826707639,-4.568400880494239,3.9114311369807115,-5.191021467638012
0.2770110908629988,4.9296479611930035,-4.262034352646012,-5.98344793319737
0.5385428440132074,4.69302535619099,0.23097844170148818,3.22603102512947
1.2939863813526253,1.9574868898461713,-0.4545893523222677,2.578375955202455
1.2755808008406344,0.8431431192310024,4.011580104909889,-6.388454682022427
-4.545536196585421,-2.190368104077697,4.504114840765588,-7.23528432906954
3.902637838909163,-0.4434324721428702,1.2013259780153671,-1.3082462047467611
-2.2261881701886734,-3.118788402762387,-0.3630159506001789,1.476413374133784
-1.4664777197394718,0.8365611185087207,-4.222653630350152,-9.281070834121898
4.743948076661665,4.862107444796029,1.9816171401974518,0.2672373464214009
0.3609636634412041,-1.9047238371367223,3.137950197069486,-3.703860919612246
1.847311725538793,-3.373830606551087,4.109271844938425,-5.033681847059334
3.2253724292316903,4.49799913291924,2.2571950838836,0.16894074402127018
1.134151959357899,-0.8175696370938113,4.3272848335401335,-7.8920805889833385
3.660638895004084,-4.547813298938106,-4.73633025502748,-7.740376300376375
-1.2353663312195042,3.1055333078183285,4.872761293149445,-10.340897637926824
-3.495831088964718,0.9413071535213513,-1.1910914336897847,0.17795742880057963
4.699143978146033,3.4211892313570864,3.383287047111379,-3.9047283813187033
-0.3130684020502974,-0.851804976623348,-2.2659292806929376,-2.184832298035205
-4.436245033490729,3.6472237625505315,3.129010091300776,-1.1467935454481395
4.9971767328613055,4.966368370739055,0.5543170560262745,2.313821152344792
2.689874151805105,4.44765729882428,3.4964739067741153,-2.0251188619705918
-2.5265189825680237,-0.4945586468990646,-3.70840584848505,-7.573617435870366
4.540510272587223,1.0617463445088005,-2.7135719449653726,-3.7700558493244576
1.7170068440585675,1.1812824045789583,-1.4183728196715952,0.5790871739264792
-3.86442407800371,1.7157319559279962,0.20307700903793346,2.1796728992402756
2.723183917356393,0.20163501111993387,3.5218150031854005,-6.031037504934181
0.5190683877448556,0.6093797153538629,3.7665360265834504,-6.406744396000896
-0.9651713378760292,-3.6598477154935924,-4.71217323686661,-9.346116580417306
2.5513725567361902,1.203095513534647,2.0407976809922355,-0.33809657870002596
-2.870358384910893,-3.6362852441323024,-4.8545533433211805,-9.120898367943559
-1.4941244119340302,0.8991768685463306,-1.077559549002677,-1.3588363511864376
-0.6252507797627089,4.0415869449374835,-1.5174453297669963,1.1325538518369263
0.1398948915981082,2.8365301274114305,-1.0345721767872984,1.5937072490614372
1.2208670022787347,3.6236370874674524,4.495206236576422,-6.893241110418674
-3.5292651907096206,4.265876251614944,-0.07883706920461808,3.2646124292406014
-2.4175561170104167,-0.40864243761738717,4.800325752854771,-12.122095866020382
-0.07381906007130379,-1.712483897124918,1.3340085431672577,1.1337745780020692
-2.598543812218069,-4.241366718913361,-3.7112027808935077,-4.32950375212771
-3.719541610422276,-3.4809730648770563,-3.6117282735058986,-3.8153463225539443
1.4087474480321465,-3.1811991560085517,-1.543327166761368,2.0352850278056613
3.967884099060118,-0.2603835973712769,1.6755773852102713,-1.7671881879240159
-3.2768012879837016,-3.0771098119132922,-4.591313837335211,-7.430370741856647
-3.3106493692783543,-2.2140966096804138,-3.229895157232532,-3.7483245750971688
-4.112974662429444,-3.793641288993992,-0.3922123196727423,2.918602934485318
-2.936662815942075,-1.3573013895192454,0.03417270854856902,1.401809194421123
1.9039482862936534,-4.606878601589011,2.9941039890904264,-0.3192861619956001
1.2790038949090778,-4.182409680511281,3.735786241067773,-3.3634394644107157
4.208724005318132,-4.389220401451363,-2.2312235185279627,-0.19570217888245256
3.0620127979306133,2.4825969038365834,-3.1547898064362268,-3.718608788912036
-2.906506766632897,-1.2952789720861801,-0.15477014808978673,0.7410852408449251
1.1825477153029595,-1.310863604302276,-0.3746528386685206,1.9537674797419706
2.474709381337565,-4.6331679710940215,-2.4756305565597927,0.9434617121930438
2.1334958588455244,3.9520683768719937,0.11677442115666103,3.3453684126721943
0.3211348526531568,-3.9282798866022395,-0.5258763317654536,3.0022698861503176
0.3261726645502314,-2.5752949636527034,-2.3075676905061906,-0.5872730469622065
-1.2271583689537735,-4.799288022222736,-1.7792083441682172,0.731723516133561
-2.8855199300345538,-1.7250264782208538,-3.802378681807488,-6.37072406930532
3.9052728073989496,0.9359245355404866,1.7910231914448964,-1.788778847298462
2.891712386073383,-0.015578010709427659,-4.130797119125763,-8.582956445958136
0.371065418185478,0.868411180208791,2.4543947418433003,-1.892099801226803
-0.6834045377032059,-3.7241969720443624,-2.1622409420127555,-0.012222503138912877
-1.369177036013649,1.4591724133160122,0.7077830466891193,-0.1598358714243858
-1.4390327410215376,4.865152487929796,1.0577481935688713,1.6663001709366434
-2.627732082640055,-3.9821752737959626,-3.47140860815668,-4.126650472647585
-2.540422716154919,-3.3931862674044435,-3.1343297594869424,-3.0406971061637806
-2.149048313061529,-3.2662640470524518,3.9676542462642512,-6.266729558905682
-4.1976625433835775,0.2451138957025467,-0.8960317301033847,1.3135740779359457
4.823786169086064,-3.8796109783194765,-1.0214440095425834,0.9267291239793513
4.694704332753689,3.6550712589398024,3.1707207094928,-2.922910426762519
-2.420971729550602,-3.2911241260993416,1.6864321992443099,0.6879447899606885
4.293759891275858,0.567628930139298,0.7161268946989985,-0.8065760445658062
-2.2002090633971583,2.6949293319193686,-3.1295625144247663,-3.06612332694014
-1.7632076359575635,-0.745635613835832,0.07610378684455021,-0.4307095029805579
-2.5759026758491976,-3.8516317526079646,1.1062004244163255,1.7311365544332515
-2.1136944675974423,0.8123822142261226,-3.4563728472579767,-6.338611433782026
-0.1885989814518254,0.3258943255158586,-4.4817646317757305,-9.762582199284418
-1.633957218060794,-3.6558532306102576,-4.366250295272323,-7.5363230744867
4.899602323899453,-1.7764615502527703,3.0987444585463493,-4.546829790205654
-2.4535934523623615,1.8150272222392925,2.6022785988968655,-2.959399804371199
0.9563874060784432,-0.2842381144984163,-0.8815908585273142,0.4453123836363758
-1.5113173345700472,4.295291442478259,3.306194077877292,-3.7358800237577805
4.650269106665126,-3.757027765144553,2.308674752036443,-0.9664134361347305
4.383404568210379,-3.1876693383433983,-4.335037326332225,-7.558967133144651
2.4112064929005905,0.744731131799119,3.4182877675827203,-4.871144774407298
-3.602276233737105,2.952673118598902,-2.9837267995225547,-1.7455907962022317
-3.363440571342955,-3.3573420206900706,3.145747202313821,-2.2031237807471604
1.651972206962001,0.23065424769119325,-1.4116951587649753,0.3066291619157288
3.7720054081310828,-1.0755489257736461,3.1659943947157707,-5.506677090678627
-0.608650914297816,-1.2305557057509242,-0.37320214330393586,0.09857027497017687
-1.9862212583585794,2.476093801762511,0.027203900924791746,1.1125273303978378
-2.677873048531827,3.995745732745684,-1.1610877862678857,2.069893669655173
0.43552861113988595,4.06472110964547,1.242379959139921,2.3660198284731755
-3.831019592916359,4.398321236134752,1.2770805307141782,2.270508425637432
-1.6509438534291387,-3.607279273366127,2.9402518927029595,-2.493469866540146
1.2007275592851352,0.33461091976321544,3.938925830509577,-6.909746348023606
2.885972112245307,-3.4832512026724882,-1.8827793220445175,0.6986479613442806
-2.5151086018553426,2.4394629257267697,-4.664675652642206,-9.714320662881898
0.698896848713165,2.6245868574069053,3.7676563676174943,-4.444200853970032
-1.5791825128409256,3.212573046720129,-3.8936826304479277,-6.335144114291048
3.4645229173451817,-3.725113376680176,-1.0271270943963273,1.1932691804122761
2.9729536577955358,-3.500825726512262,-2.7074860476735854,-0.6438459407094157
2.2225256839306624,2.200365365460744,1.4114763288529728,1.946371881312757
1.9394844446710007,0.42724443347596175,-2.4820094109304724,-1.7842650084984468
-1.5430400649608056,-3.184022831985743,4.084505613336283,-7.272150763130557
0.8339179476612042,-0.9914858323636011,-0.3799419635586734,1.2925775369480192
4.472833396118153,-3.466485968839198,0.8622983201679721,1.2210405931722574
0.05888678884466003,1.1145423543464785,-4.818898161791595,-10.564939063525772
3.7212390894415144,4.321182824836123,0.6513318358920897,2.41988527946581
1.9665082387689221,4.224993811772958,2.072386343133986,1.4916209595957106
-3.4746095708573863,0.7628836016681317,1.0671504638285594,0.24077371822142216
-0.7586932869761398,2.3644423562472285,4.343670147690148,-8.098882240700242
4.255685129067764,-0.49160628595867895,-3.8676195415924477,-7.723542032634373
4.8484119896233455,3.3889808644593415,-3.7533731879673313,-5.298773061737857
4.208418826173723,3.6989636206212833,0.18838057126072094,2.029945986178074
0.9127543574492929,-1.0099729612986974,-4.452383611779687,-8.392400729119156
-1.6480275835409905,3.0285344859801135,-4.953679769953972,-10.523712111545048
-1.6650082830885582,-1.0183130640905667,0.37395602937922856,-0.23109881739967442
4.198556164127606,-1.5365400563403875,-1.5304679810377229,-1.0881342392188909
2.3750124810974835,-0.47782059110192865,-2.7539517706001804,-2.471796854077993
-0.4756048386730658,-3.5914297962020014,-3.236130134937767,-2.853002963678356
-0.016322272605203025,-0.8107455049545207,4.148459010681,-8.248896071375354
-1.3760610088336689,0.8058835027804347,1.3226428791953033,-1.4991980849732607
-4.869055434116664,1.635373720167106,-3.219640331302486,-2.8049136753820747
4.610703174694551,-3.5133727224688704,-0.8537587627297629,1.3707199240973824
-4.146503319213561,4.968742518459473,0.02195010331242564,4.149100462767407
0.9538501732004381,-4.329235226115725,2.4996047039917784,0.7677922243306594
-2.9009440690441424,3.9805428944071366,-2.9486035951799283,-1.2514395820365918
-3.0931227933633343,-4.634503321519051,-0.27933054890000797,3.3465639654162684
0.6484113326261642,-4.342913605716476,2.7552761669501056,-0.14590886684389853
-0.46711165251972364,0.2439026932758006,-0.5923725306177188,-0.28558240717132405
-0.99236939124674,0.5964033130821793,-3.447597540692875,-6.785729615757049
-3.1807186950472888,3.617856210135173,4.461154621336327,-7.147070016958647
-1.2669068372024705,-2.292553268564462,1.4399954323901571,0.3853277508528212
-0.9126582890190358,-4.746136443396551,-3.4384740263380964,-3.6099998805968863
2.1597222884739757,1.5892394191015136,-4.729040074965165,-9.344588567902976
-2.780278380670506,-2.689252034119286,1.7189274359872844,0.08155190765722228
-4.802894622456359,-3.9589141801542613,2.999160853731894,-1.014674931469028
-3.214553379456664,1.5274610785187468,-2.618172189532735,-2.3860313614285205
-4.005586072406548,-2.5682780900054594,2.2226693185565916,0.20678877422582706
3.5569646810628583,3.3021986456699164,-1.0281647038154516,1.1231560294163394
1.6808513657064612,-2.9501570458417903,-2.0685226973898674,1.131721560107961
3.963358185211197,-4.86998076489264,-4.14491469145532,-5.844345279923411
-2.921137448539727,-4.734677961261803,-3.185645649102027,-2.4117000443258707
0.8304156096969217,-0.7857544940750207,3.926717110769749,-6.034730482951719
3.1744356173844093,-1.5818264830212403,-2.405765665687075,-1.520069441801692
-1.2030759183273307,0.9029494251480772,-2.3193635917712374,-2.717438343565925
1.2414890784913402,-0.9058834780875955,0.5204718085198028,1.2126505605281381
-0.6387347086468331,-2.0553424045808235,4.484533069621566,-8.741994776523333
2.636057941597608,-3.5988682423354748,3.6846797589791276,-3.996124991651178
-0.12568801750486358,3.9455222689409144,2.9985525594731524,-1.5465202528058162
-0.7478649553076657,-4.775306916798826,-2.313226406150539,-0.13419643272919007
0.4163421466086694,1.3347821982614727,-2.421123145667977,-1.3374835440020003
-3.6064392592717587,3.3493023679929905,4.844021807035521,-9.13377026451117
0.25690182302685827,-3.2832071415169652,-2.2769267348063105,-0.14027694051396933
-4.816093234525333,4.142988065604991,-3.8224891710985887,-3.2324548467111343
0.7651647551425356,-2.25944779312794,0.5417800251579337,2.0705138381860193
1.5142038835186424,3.297418037072017,-2.935787282393968,-0.6977984943628881
-4.8900417134151954,-3.6311436993119273,4.00018641848105,-4.774426331573527
3.7389007756251527,0.9741310217030827,1.005168604336534,-0.14586728124584447
1.6503667454625548,-3.246287213765504,4.144119459249598,-5.514105168129689
-0.8122947510792686,-1.1686147175050254,0.18917705282837538,0.2829857134931345
-4.53034033224945,-3.337166312439206,2.3803361642637046,0.8343962019766197
-4.172013320748736,1.0315210946638818,-2.5465089031867905,-1.8692066845413617
-1.1070438595802345,-2.1130626322930013,-1.4432728353505087,-0.06292027464225636
2.1904590518424545,-2.0287828437682496,0.6640464029689719,2.304093276620794
-0.23949597800900335,1.636711653626481,4.36829739324758,-8.63728321753285
2.325720972102503,-2.850596214092432,-4.688168649387153,-8.35258947634334
-2.377359557001749,0.9507793070025485,-4.485741865157497,-10.697764202318771
-0.03633752798763634,0.9684284891688923,-1.6575610918303916,-0.6436078637660199
2.7091220374582194,-3.934017468662282,-4.248622182641912,-6.273786098146556
2.281887562036033,-0.04508683793801538,1.8840239642773602,-0.9864890089638676
-0.6517266139625377,-2.535979667608932,3.1910231767419965,-3.7712225602110525
2.9941587896897923,1.946964708544268,-2.2785486277003733,-0.6785781642752494
0.902306668690871,-1.3902610305997323,-4.084179266733658,-6.570148746235227
4.173135754622429,-3.631813690810386,4.502373538208024,-8.440067987896155
-0.5399422704204424,-3.1486707116138035,0.4190094737835812,2.007748294140139
3.7294583587640826,2.322248864095612,3.065611478614498,-3.2978771641303286
1.5878336671071738,1.9227656451785249,3.491956515653193,-3.45524858841979
-2.5033199114081404,-0.10575036356859524,-2.7879055818039777,-4.330116544211131
4.876680079966469,4.440593396866133,-4.605731886314941,-9.022544421765414
2.0557517251568846,4.252483174156659,-3.1942465487266647,-1.041043144788274
0.6794523055262944,4.154882975880419,-4.660540214142012,-7.143329815924674
1.9742026724683992,-2.0265099262744926,4.243961953765304,-6.760320589872541
4.7105824516536785,4.4426648911343385,-0.25785783342536206,1.9254647873501565
3.620426509893134,3.445493985350703,-1.8089952675674437,0.44624140997484607
3.289154741506774,-4.629923652845074,0.96269878482053,2.4599047509600234
-2.6999116271229697,-3.794331142227212,-4.230467983707909,-6.54156210362421
1.962887758781397,-1.6012503623193384,2.2476677152876148,0.09840112837410625
-4.346436592010576,-1.8470966216938969,0.39491292375337217,2.66461033975846
2.9072316483896357,-1.8124749706793009,1.2589137643700905,0.5012596576485966
3.8597774823618707,1.1586318818230454,-2.670405252463662,-3.1857421104822605
-4.75599218443462,3.700988739009299,-4.787305891496128,-7.373754318522583
3.747016726841995,0.28937134027211986,4.390676985128962,-10.01167634284503
2.9878323577366537,4.979341105333376,-1.4928818454828985,2.616236784367411
2.671882889311269,-0.9806908639075784,-0.20124379696091133,1.709898364001802
1.2750546321837009,3.7367711418633878,4.840834691992951,-7.7475300213443345
2.6827341386451824,-0.8223321783266622,-0.7864299772292984,0.725028861904357
2.3758230158889146,-2.6122285423169767,-3.8952588686860534,-4.522739848349131
-1.4537784235922349,-2.1276100834591825,-2.036918795440099,-1.3146185982639003
-2.6639224895009006,-4.579068103636381,-4.8212606526658615,-8.985236909028885
4.877223897360315,-0.7222686626413761,-1.1567335284031834,-1.3410762116325259
1.7964728269306987,-2.8174611213493583,4.499611839502254,-6.489264789666992
2.8634501441555207,-4.105889976877405,-0.8241922421507164,2.571865201789126
3.791183075621646,4.447320222914103,-0.3259848875013027,2.835643309443325
1.1341138921070772,-3.3296605390792475,4.911686261369766,-8.514111311363907
-2.6832829861655663,4.427317741351256,1.4964664899236846,1.0434158528337532
1.0773679487885914,0.12688511016508564,-2.6933018828224133,-2.619956931783283
-3.2347196799449174,-2.7951379092982465,-3.1356173785574546,-3.276858901002965
2.795844735667533,-1.498747408332699,-4.421573234366036,-8.071103526349072
4.6910263014081135,3.837858849634257,4.27752283195213,-7.127286821241537
4.949078226464353,-3.2610475078051273,-1.0375798109734125,0.7658565347144728
2.582384757040913,1.9602061805379218,-3.4610409366014494,-3.8444107825057507
3.158331249906178,-2.7555942816333934,-2.7618238517737694,-1.0933432668584189
0.3697442289341355,0.9293993484170313,0.8008620783781115,0.5115712852452651
-4.085131626022451,3.774608626303804,-2.3439995741129396,0.46922772769141985
-3.7048507871719583,3.887480798689772,4.556514982297534,-6.622875726989747
3.6212761726545057,3.09516074724878,1.5524198063902173,1.2812414157226555
0.5085737060913935,-4.130132400885898,-0.9154678692930132,2.9625884004541483
-1.2731148298768602,-2.4024621623967377,2.234201136885849,-1.235636994948042
-0.04124264921229148,-4.189537840923521,-2.7981679805018866,-0.6330703540778957
1.8325876365959592,-4.238691405096998,3.5120691404876876,-2.4814576569325917
-0.04853472986025675,-0.19413422673352,0.9240778465951758,-0.5840721051451352
3.2468096592514915,-1.5219079209780695,1.7801615255906356,-0.1214274806952097
0.6573196399579109,-2.3297172983057868,3.78629986355158,-4.190933331158239
2.974260216069281,1.5845183465842547,3.505817290942419,-4.554145549999572
3.6729420095980245,2.083629767150348,3.3701332836367204,-4.774031647915622
1.974714616692836,1.8014077176030039,1.1861137821518426,2.2579717091079816
2.527166395576412,-3.413948947069263,3.8087075919892843,-4.297872079264612
3.71843527745232,-4.7075271696544085,3.258167505647627,-2.8112875492909777
-3.711301325265548,-1.648811457408581,2.4350825629160777,-1.0093837717413052
-3.392401039516918,3.179670241190621,3.32134177957742,-2.3933474868209297
0.07467733760836204,-4.936141282831664,-2.129618668250872,1.2965525238457125
1.1692691837574216,4.811861780274235,1.3181352701666835,3.360635146445462
-2.4019641893584023,1.340057030996114,0.3998537971585545,0.41313295688700447
2.798453951511436,-3.9301936117304157,2.6102790250202803,-0.25717148763589054
0.412665786761103,4.629920038589946,-1.5812783396131391,2.428947941557602
1.326218931339481,4.320281055100175,-3.9749027200932074,-4.7097224172352385
4.372284872364512,1.8788572230081337,-4.321629408948281,-8.859197553788748
-1.9903643305318375,2.081720886452816,-4.326493985312283,-8.526124248735856
0.8217046017627325,-1.5411694304704326,1.2091551776747709,0.8724308693631172
-4.542579661874871,3.715368061523762,4.734889691773969,-7.4131814911166645
4.688778552856915,2.4965183174292473,-3.6991375986936803,-5.924273043031217
2.582631959290226,-4.754130835411985,-4.7787644847100275,-7.200025651006344
-1.7638978085045878,-0.11356809595334205,2.7040741780779323,-4.152701188058527
1.8329537660650521,-0.5409729362325164,-2.263733337183341,-1.4794571841651734
4.9712450015771115,-0.7381869776402707,-0.486129756703245,-0.6951236859602098
-3.363761788083308,2.9480954874992937,1.9368222578148862,0.593746633034904
-2.792303872112396,-4.1761895438415735,1.8049930207471307,0.8078251711204831
1.5451121428113526,-2.2674047300179065,4.508635622504103,-7.290712092127041
-3.4894210821909977,-0.6766519895739807,4.436159201675988,-9.349413589491089
-0.8027268307387772,1.3852594766408552,-1.0240560203720572,-0.5115613451852778
-2.2578479765132995,4.839776479598282,-0.9066599368495698,2.1982210302729
3.9409920367913447,-2.700453941089138,-2.868952959749167,-2.5281785334322864
-4.688659171154886,1.5166682537588505,-1.3147365627623886,1.0881657173918047
3.64358249839637,-0.2679009330844284,4.681934279147217,-11.10350617291128
-3.1447448429687883,3.6862316795561085,2.7659685279174173,-1.331391971848365
2.70921844644052,3.4478322811688766,2.610239909429989,-0.355437392166129
1.2622032163141537,-3.6875512231761243,-4.674738205087481,-7.046836764494956
4.208478478156868,1.1665031452073809,2.965372909761763,-4.423532359792365
-0.18477648487449905,-3.826918110376055,-3.748142077974496,-4.32141837800139
1.8556528722897134,-0.6969410510053731,-2.994752732996633,-3.2835947836084216
-0.08405453258563078,-4.357910629248659,0.819714019143988,2.51644033073446
-2.3100659556490233,2.9755910063718813,-1.8963804107642623,-0.3109561446959037
-0.4477985091819878,-4.883794600918994,-4.275531122054411,-6.584122758402507
-1.075064435933152,-0.2006116528287647,1.0002054811930368,-1.393402257878417
-2.0833742129069677,1.9498188612654257,3.601223971892045,-6.251486168244255
2.7985098889334985,-4.6038117465164285,-0.19493052742171102,3.26991747398036
-3.9506982158182513,-2.5795498413747255,4.8666259326714645,-9.168577963757926
-3.5750445709848675,-0.011118465486439355,1.1815573431811908,-0.35476320350440205
2.024649705441039,0.5964868348691414,-4.902291525808163,-10.88552686422519
-1.7353869175600813,0.1771164338471145,-4.121335008551666,-9.46682766576892
-1.4937306879081924,-4.667968912086335,-4.214215028449793,-6.606684673751705
-1.0307672379840396,-3.6728424595693965,0.6754084826155813,1.8500160904285257
1.8946496913726572,3.005866991090828,-2.9984975575518993,-1.4363045989068381
-3.3251741774093024,-3.9543215966559977,1.364302495436367,1.7025398225383737
2.0647572648690113,-4.68413855174358,4.362122462436899,-5.8132752759440525
-4.480287163485276,0.41296335301070464,2.0906051945091644,-1.200826741696997
3.7096912374608557,2.1408693213242778,3.017280830697919,-3.4758146296915213
-1.6054980745719396,3.148251137465122,-4.198851536153248,-7.655757961138712
3.9481665606052765,0.4759237615373628,3.172977699624937,-5.940482004127229
-0.4768171548169988,1.4357769519652495,0.26402660936113165,0.48824549479973245
2.3158952175533187,-4.183700179694104,-4.396479160094362,-5.95711401779642
-2.5289676598985356,-3.4045531988681166,3.717835665922017,-4.7746783525988
-2.807860126419557,4.758652558191313,-1.6310420822889315,1.3381941804398079
-3.178820843113007,2.8969850714247913,1.5870777550087611,0.8938262383500886
-0.018042835468610186,0.5536355093763126,2.1920177827226386,-2.4311611260872685
-2.7154525866870127,4.963339160567418,4.747931621467831,-8.450269958798106
1.5032568634693693,-3.0045754907085485,1.8022824243129136,1.4244092323231388
-4.278015910208241,-4.693474977941939,-2.423171114887863,1.279934860872306
-0.37377043260683696,3.6827250540838055,2.2716906976630806,-0.8027301440437208
2.4270652119998104,-0.7450666555192464,-1.5406500745303706,-0.19787421822673013
-1.2896123701539732,4.876495637360579,-4.598908085875175,-8.23532782242388
3.670314961224486,0.7867540857239339,-0.6138458081040952,-0.15588595867412774
2.252576604151365,-0.13331058575297128,3.7342323808166054,-5.370267934854337
4.007018640112586,-0.7827907312654458,-2.231722027649484,-2.668775282467096
0.9235032859336219,4.12363345616691,-2.893378109943334,-0.7987021725103711
1.2296658356348278,1.3156022009252055,2.33113022415281,-0.7987483185140484
-3.684323148727402,2.1582496468208854,4.090325206656409,-6.648700192297033
-3.2031689112975803,-2.6245667507612236,4.713950940416396,-9.0079222392093
-3.1902304729051023,3.5438509336957917,-0.0772214355196521,2.4027618948051055
-2.5276892559682294,3.7074990127251137,-0.5469474499733451,2.2399200960420473
0.14817353929690213,-1.4076663060023433,0.9295085143492745,0.6432115342896894
-3.3647612741497723,-1.0891846334823931,4.694123223352875,-10.048884208505344
-2.4186656729887246,1.567366645412922,-1.748099357753051,-1.1398789012019206
2.7347312568660067,-3.6912633928165017,4.698210450785448,-7.436444941124972
-0.4621045861636075,-2.6394953665353604,-4.265032526699874,-7.56215704794983
-3.302420949124593,0.1977394855601764,-1.6299682356871372,-0.5801394198076599
3.2888336588260945,-0.6911247633819411,-2.512857274123701,-2.66923454933459
1.1714498660403008,2.067772168854458,-3.3295809209905016,-2.814011327800119
-3.3238078371168234,-4.6332857306645705,2.3640201506564047,0.6095953851284114
1.638045276218051,-0.25369124250186115,3.441704489691972,-4.744413094625435
3.0567015295005326,0.8535436439675212,3.682712805132587,-6.727424134270517
-2.9415878996323173,-3.8808038060227212,-2.302503884830104,-0.15672963304492923
-4.429131439106851,0.3116952800103201,4.366056922949614,-8.224809528518787
-4.6065645933149035,-3.778900859899732,-0.478009717165647,3.5920408088683797
4.338750175279049,-1.838438950232495,0.07234808688392391,0.12183684722270627
-4.584271409496079,-3.5165679903791114,4.866301229588469,-8.271628094553526
4.6511869643604555,-4.950600190655904,4.51811785423239,-7.454581092713376
1.3911993781550036,3.679182945200221,-0.4526014436614094,3.9322142164628606
0.15596028579250287,-0.11153419743079773,1.6686425754610434,-1.2430932860411636
-3.603487452436871,-4.700264101273221,-1.9207005840880909,2.0260417014365633
2.0468076273664675,-2.9814654787705166,1.7343243332491731,1.5663740291632826
4.699120461072704,-4.060992842105816,1.7260211822512623,-0.1389236517082013
-0.5624978069542887,3.681422543775053,-3.228502105526141,-3.344465178784037
1.9262595222616454,3.381152896481103,4.446142194740233,-5.9574487198731605
1.8324802828964586,-0.02825235991572672,1.1784724020121384,0.19015704752651807
3.6890498447871813,0.7060974663882966,-4.696129403031631,-11.215834869683414
4.309486955069778,1.8952675103156116,1.7651338577724651,-1.0434031040401468
-2.8432484760228283,1.5888547023265716,-1.0613559434584152,0.9737918473682338
1.5123297704149206,-3.934069696920093,1.5784530460303605,3.04228164889215
4.994137257706665,-4.51787961139444,4.7717418422131725,-8.615781018335948
-0.9309203927712941,3.7075345033725924,2.823854840582735,-2.1460023701875586
0.6701626098666775,2.3844920925132653,3.7851556130134796,-4.553914470679482
-0.9585967834896705,-1.729668384367613,1.6759338556358472,-1.2935254857973435
3.078459419412585,2.622851347766158,2.978136488586345,-1.8642315307453619
-0.6441668518706702,3.1783421617502157,-3.7979094462939154,-5.755811845453497
0.44489097960849566,-4.942413395018784,-1.7541417009972973,2.1927148960335043
-1.335384651286021,-1.038273083907446,1.9546720668986222,-2.480569421359702
-1.1144189872965429,-0.513063773774693,-2.624558691256725,-4.284793653004438
-1.2674820837065992,-2.7273037273684855,-4.268040762315564,-8.180849210302382
1.0344859338137793,1.6821279855501627,1.1949034600961452,1.3060885745694615
-0.36505956199427647,-1.202142198207702,3.633336495718252,-6.225204009105504
0.19081785136218077,-0.20818122370268988,-4.743579341935643,-11.18316460831446
-1.5875217237384365,-1.1980438121414294,-1.0117721910309951,-0.37162780561221437
0.8017236922733231,0.3360254672687848,1.0790509279344462,-0.08809735271069558
2.6488326154212825,3.1298573871609356,2.181230762264944,0.5395143418508944
4.555236959549347,-4.817674173236384,-3.0422201431645393,-2.063075839833115
-4.924371250218579,1.4747471415460298,3.9803054894998695,-5.942489471734765
-2.5651770342370073,4.2703454479630665,-4.397326097104392,-7.471860553356907
4.3443602680551425,-1.4837731276036559,-3.985791715507835,-7.781818289474012
-0.14128240813674342,-2.432234322794921,-2.1512709803807715,-0.16707529891826411
-1.9271003507371343,3.030258978326634,0.3916127667525444,1.3650271469956923
-1.8869230084399637,1.1033378331091832,2.1615067422319356,-2.6495519359396527
-2.2737599926646626,-0.8645089847464851,-3.7811390666305247,-7.208157799540889
-3.188506504653197,1.811178539649828,-3.1856165230437306,-3.903828399094835
0.25163383667060124,2.0904626172243272,-3.9312307690525614,-5.593058922249127
0.6731221962890359,-2.4343721629863624,4.629268752375799,-8.033745519844592
-0.16454353280075296,3.059925497751582,0.5022654215626172,1.9559758062325892
-4.565874671451809,1.3315137559402235,4.51403342206657,-8.430634522249914
1.0161182014633123,3.191888594267901,3.8420646334840782,-4.381809162101626
-2.7192022805106753,-2.8795516009177335,1.1098098885099175,1.3637984631383129
-0.8897153019329531,3.398613028667203,4.000231233980111,-5.8793572113621675
-1.465786206972819,-2.6312944102551796,2.805255152438618,-3.0505524963202593
-2.251939644518639,3.2261431851367846,-0.7626174635123721,1.5041848633630395
1.6754989929147044,-4.044646861653318,1.2385932467657303,2.455479755844198
-0.4823232126277084,0.8660846317547408,-3.319857922551366,-5.59027782876047
2.368737449441821,3.627970775432285,-2.8326019990922435,-0.672378080021288
-4.042854444798383,-4.763614139536636,1.4197150044326605,2.668548524507376
1.0709403608878079,0.4669741271407002,-2.6805290388402456,-2.798654871139248
-1.0909400409448535,0.9447633518617309,-0.032331411408305755,-0.4499779944598386
4.877855202148872,-3.6356024744326687,1.9514455404759374,-0.14827269015478067
-0.9568123189570787,-0.7180038507438526,2.175977656581763,-2.825232394641765
1.9243615132436966,4.912559937021882,-3.7160571054587477,-3.413673847544235
-3.958903506158337,2.2433881712874113,0.783869170064091,1.5830827822450653
-2.2583933344019416,-4.205806310110134,-4.143417504035694,-6.610862467109797
3.9419087466411824,-3.081326752812571,-1.7662843788447926,0.2107078579555491
-2.73343597773012,-1.4500369416806267,-4.305761572539066,-9.358718144938646
0.1905979090827037,-4.3238743640778505,3.003565078223616,-1.4907646719935908
-2.6628791808956698,0.4001191460451059,3.8007908756145827,-7.6930154638777335
1.5087736904719415,0.329577865513353,-1.756662468846244,-0.025235554192327647
-1.669980869418021,1.6948695519819008,4.941393612211675,-11.965355529096694
1.618391898493786,0.577834173700249,2.306505102392461,-1.258117419861237
-0.3479438771628187,-4.398576573992148,0.6229681587790985,2.5203237289759426
4.576252845053801,-3.2469705764234034,1.9000489082066574,-0.9889472308248496
-2.9906631134094352,0.35827684473081245,-4.033235503532804,-7.932622031508594
-0.4962906374181486,2.5616332889524607,-1.5242847576101792,0.44986105584867897
1.6491172448721798,2.954499607897292,4.271778194794527,-5.699511297948178
-2.6535791814454646,-1.0068408419069188,-3.475839866695826,-4.6317442900494346
4.9248350215837515,4.270009679242953,0.3995713028055956,1.2740460693842928
3.420332943764212,0.2095797727204216,1.2358568800275975,-0.47842051323728896
-4.108755678839834,2.5527042049680793,-3.7228651636476515,-4.175744283320275
3.260676302525283,2.820280876703859,2.0874469774297646,-0.019222568506803123
-4.638396194752379,-1.968716440546714,-2.368874300891571,-0.23787931325846948
-1.3986359252848093,-4.123572532361615,4.369578230310628,-7.768509173008811
0.5380224071237629,-1.9447568934197648,-1.0301848292571658,1.3757239866310849
-0.5279745949516439,1.0059433336061732,0.15679427696497772,0.2818661056719126
4.193919732144174,-0.030365170941697883,4.921580148233126,-13.433784830746177
3.5142495774509577,-2.914894856426642,4.305952146439163,-7.158594362962895
-3.836336021145239,3.1744970849119163,-1.1937670652341992,2.20769994868501
3.7797432044506944,3.680566901074503,3.059254001176212,-2.9368938956065542
2.900304363070614,-1.9532086090195921,-4.190807169487478,-7.105741426249419
-0.9701982123483859,-3.2647548501349135,1.9495108890246176,0.10789684888654688
-1.5390027346221444,4.756102008599148,1.4097207734533201,1.008363764470765
3.224805636343609,-3.6747532725815155,3.6201448227262247,-3.8538936811159608
4.227571905133944,-0.1293808118106412,1.0625293775097742,-1.6519306021725473
2.6480980090299546,-3.2516137273958745,0.02566076463442446,3.1494278585110322
-1.013369722276869,-3.536260078377509,-1.3246557770846854,1.0827466103136527
-4.318276906145064,-4.74188093050513,-3.6483371084517726,-2.0208808653825234
4.631151115891738,0.49529535895016963,4.6582216115322,-11.679494982243881
-0.6750212166986804,-1.8818386691474043,0.061418628402440945,1.087013445779232
-0.6048831136708985,-3.943353157382561,1.408263146902062,1.275539946961848
-2.839618174904004,1.1958795489782954,1.5020109239815334,-0.14871890631176587
-3.479751468713519,-4.386503728893318,2.8076158606843986,-0.8175216333864338
-0.40199576230679845,-4.418362044945242,4.948663171697671,-9.390894046789304
-4.422194390036333,1.950352288585532,4.836789252634135,-9.228063426152087
-2.608198957840744,-3.5775063131280382,-3.786150605775711,-5.07061956993565
-1.9672485243240443,-3.989541889893533,1.9216134169413195,0.08707610507808677
-4.377082018699373,0.0942212814978971,4.966968538529768,-11.306568291607066
3.1397026950601887,1.1521943823101086,-1.937463792133883,-1.0650447022313423
1.2389583629163852,0.27041463911651675,-0.7391661610962856,0.8072499072706157
-3.692896232598005,3.866042152404667,-0.5021535117867746,3.6403801540040925
-3.053774881792349,-1.3224064912271039,-0.8587024747107295,0.8503945057907019
3.2753789556687423,2.3361438056140207,2.6930489364133976,-1.6336447086772226
-4.889687355713528,-0.8384600182023849,-0.1865584836467633,1.3626602090832283
-4.808077231769433,-2.401867912549658,2.6028982312213502,-0.7465376229596385
-3.6289029427100097,0.353101314525917,-2.847981279827625,-3.1831585198980656
-4.878792253561067,-2.587985424004585,4.7587375491005375,-8.032873101606436
3.0153711188298953,4.595766443210334,-0.12145956073637532,3.656842146142163
-3.9026380132249647,0.47959488973693,-0.4562266544003908,0.6114365373789936
3.44357082739616,-4.019174192157554,-0.11758862978221796,2.469029872384037
-3.4995133530601574,-1.7532407310994005,2.3735707738779963,-1.5538476459736579
-0.23981870631233448,-1.2411171485423065,-1.055237214299647,0.020279792865256357
-0.4055323159401336,2.850165438370569,3.9208468894023447,-5.571209711642469
4.553346865039282,2.869033862552951,-1.8459310425198727,-0.6084528849204007
1.881347060865421,-0.6239687594460808,-2.4532937795394885,-1.5361891623963675
3.4087157942592263,-4.61573651037675,4.017619921354235,-5.286931627826949
-0.38522535375265843,1.3720147680828045,1.593539222057827,-0.4896027138193701
3.951177407065364,1.3666968216720736,1.1393358476006181,-0.663785126259469
-4.333479594393101,0.18408021945204034,-3.4983099918295837,-5.131130889068552
2.3743376872148563,0.12221920812674458,1.8022777920835331,-1.8124544132097713
-4.583270993976157,-4.152079839541968,2.163233880626823,1.499420798598471
-4.279156640013266,-4.287432722347414,-4.8789152476511255,-8.519086540503569
4.565013982994801,2.3750835945900697,-1.4674859149793584,0.18914683283739653
-2.0346441871234475,-1.5029677025415045,2.7465353118118188,-3.251450150411267
1.6137061107041442,-3.1480443213253206,-3.2589066466591565,-1.7814588769573558
-4.016043502866027,1.6030271970133816,2.6437266222173594,-0.9986714831775663
-2.3495357167499598,-4.790550389690872,-4.178283325235727,-6.549558117743264
4.6786003484503045,-2.0455522252257974,2.692231478381336,-2.45364370230924
1.2466356885426375,-1.1806036034710408,-2.9431273780444487,-2.2305310541509416
-3.7861358184059357,1.150129680388666,2.7463378063778796,-2.398546325866253
1.439042535411307,0.3030213324915829,-4.580487765683637,-9.070567229581732
4.684887775943839,2.9871419165457453,-2.071779632990353,-1.1827883523223268
4.799703293588507,1.018815896363221,0.8242265820724644,-0.8712575220358487
2.4807317942953215,3.1176978809013747,1.5647860733150267,1.579056946390648
-3.7190425363379997,-1.617324940055016,4.280836403260498,-7.490287862111286
-2.7538438815614805,-1.2783297616248666,-0.6792311705580403,0.042801753311392965
-0.6059501030554779,1.129395824945255,4.430758377447075,-9.196213102150846
-2.59307288167495,-3.7849862369908194,-3.025295101400627,-2.4457276559426564
3.8692490020926957,1.4581081265520606,-2.140932107608399,-1.7113854278803238
3.1594693896861727,3.6136999636343603,3.4651433869027812,-3.5493400546443286
4.189265336395545,-2.477589798266384,2.550419287462783,-2.6992672976823293
-0.39460502725860014,3.4199855289006145,2.284906771616132,-0.37251517768320924
2.764474464997246,1.5616183768107152,-3.225712305302931,-4.172964213380421
0.45026918896938284,4.846697395245082,4.373880664971189,-5.9525140481294585
-4.568262642029883,-3.3518518427056287,-3.6827122654543807,-3.6977541566994736
2.2597990998529554,3.1778532985694508,-2.8648863368932806,-0.3288910260832585
0.058526929518290416,3.407030280112,2.328015447662506,0.15639443513408696
0.4223720549184833,0.9034769045877287,0.08360546916279965,1.0349416333826635
-2.0245154868117945,0.6502199285901611,1.8888530205009069,-1.9509771452974571
3.7332291586080775,1.3629135397924808,2.61121537043158,-3.170878988423431
-3.39928365045427,-0.3844252558021015,-4.906683801729067,-11.482048618788259
-2.53321135478377,2.2646171511300484,4.918099513493635,-10.792499699804237
-4.008219004127841,-0.9850568413871175,3.000709686991595,-2.9825695312428
-2.9596436537110113,0.5508494930228629,2.330712960296748,-2.250348931839184
1.1598545026017906,-3.119752653845839,-1.446154313142606,2.4641212270487376
2.8379178448539726,0.5422651413201667,-4.947703864570872,-11.596462803042348
2.6099076002809385,-4.646886450597609,2.4573378273123216,0.1089302994834862
-2.975194398347626,4.5807348011938025,-1.3205924869791552,1.7646478194877846
-1.730683836619209,-3.511119496675553,-1.9439578450978514,-0.3236798374816244
3.766507618282006,4.963343376272473,-1.3169046949315169,1.819814338708758
-0.5138936904545748,2.220709382027371,3.8619578046507446,-6.507706305996515
0.9304433418678411,-1.0847430182217064,-0.8737815915137626,1.9214357734536485
1.9561814649680684,-4.967817363957213,1.1958933745984073,3.9121731469016088
-1.445069895586426,2.941973312770843,-4.070093601768678,-6.826804952760411
0.8820226694839048,-0.19027110113876233,1.423255259052274,-0.18362750094332084
-4.351464055170316,0.7998378742813124,0.6148458795952374,1.1774282512047454
0.6066009441617091,1.034876665964548,1.7646793722636218,-0.5445270963637838
3.049889996807698,-2.3017927987178566,3.250494101800621,-3.32776578255034
-0.017443177365463747,-4.229417208656688,-4.4144907075602084,-6.745455426852539
-1.6576168130393922,2.8489697711146755,2.0768093474091573,-1.3152300919298738
2.886149646724064,0.17269056441609365,-0.5980100204450949,0.20350500016170314
-3.5254747329371607,-1.7180724639068847,-0.6598063382612471,1.4844372352721589
-4.113995703203828,-2.7938804728878877,0.9822529406373883,1.9468960583857489
2.3566311423918984,4.983475113929497,4.331133313435577,-5.678944339670612
1.425651995351915,-0.7875194670592798,1.3617736470823267,0.42073116754237183
2.85651618080232,-3.816638090766127,-0.9009511030371176,3.1868163984999636
3.3980228563561727,-1.1616704806695601,0.7187227122718651,0.5092489698079061
0.877693608621982,-3.155237468663606,-1.3776455834771162,1.813512919593202
-1.6548871125806786,-4.738032914679352,-4.758082361086448,-9.015503474038644
3.3169704367577353,-2.2692919002718757,0.18078766238815458,1.1613875550893025
-2.0127442641122695,4.406792451153406,-2.4070324113422625,-0.45950945881624966
-0.7034318726106488,3.727302504846019,3.4193356679180873,-3.9332275319880656
-3.1389858215372266,3.0264330979571046,-0.41813113262107393,2.2002747682639408
-0.17031127914644806,-3.6652002758405624,-4.193984862428754,-5.896939382233251
2.279393069737652,-0.03538847644700205,-0.6314929738482045,0.17498662152423455
2.295082286523967,2.6551289899110975,-3.4109183233064644,-3.401708563036877
1.1022514947764126,-3.6464591772231447,2.5137508602904566,0.217701138410618
1.5695515626713954,4.56614621083458,-4.310419836435788,-4.8941599130071936
-4.429452788487457,-2.1781292530679988,-2.3829431626409403,-0.5865741775924285
-2.530212009280002,4.062545805210366,-2.504538001504939,-1.697555203884137
-2.28050273871369,2.5939826241796373,-0.5026015754945998,1.0247415622242264
2.767105569551812,-4.346338424356148,-0.12428806326615671,3.513843846491394
-4.663863998167174,-4.373467965446455,4.064374533444109,-3.8985955257072655
-3.6075462888240484,0.3242068227521706,-0.8890439739929343,0.015071910046037085
-1.5265667374115734,3.998333456872725,-4.781766032245105,-9.722664262577972
1.637896861755891,4.6339443421355035,0.6016818346184198,4.2752434837595015
4.368224620330919,-4.477421207139763,-0.8120668092583863,1.2147658216069637
-2.3984220903794884,2.3082096498072975,4.812970904972467,-10.5305689305805
-2.434699375557522,1.5417460147407445,-3.0190236724025987,-3.9326173617823224
0.653302545716099,-0.36067513311663824,4.7200532963153705,-10.274579515700474
1.085272726964666,-1.5049362791318122,-3.8590421511206663,-5.531405773353443
-3.4875317126506546,-2.7468307004876493,-2.49033338659702,-0.6061120815955394
3.5061605784113787,0.6122278828252492,0.23390911374366397,-0.8120756108671121
-3.8523112813078253,3.6013969334943496,2.228143032084837,0.6095098321694477
-4.323316380999984,2.0783509722976863,0.43538217342646046,2.6379223973832593
-4.182746542532217,-0.4169935847134356,-0.15303712869953046,0.7169069938966688
-3.3422545983672425,4.456981470002823,3.4997537148066193,-2.8690667679881803
1.690223373291083,-0.3770443899939284,-0.8823445841549145,0.870596200907696
1.5097346715095412,0.45431869406905445,-4.377268941181144,-8.497224878466877
0.12502648770331692,3.064036172328395,-0.40760122403041965,2.4334526401238707
-4.480434224457316,2.862781993840331,-2.986362178640256,-1.5560639160733527
-2.4137916511196122,-3.352936465677041,-1.6978493512850248,0.3363286251489366
2.56751505688635,0.19385859503937297,-2.951187258492874,-3.5917355891506078
3.778300781520409,3.7958185495152925,3.70578425046007,-4.678976049602576
-2.6120378861846074,-0.48760655819011944,4.849896561408752,-12.22855343022608
2.7201247630999035,-4.728325787744402,-4.347954087395079,-5.825087626455694
-0.3606862318766719,4.092202058615602,0.38701797952714223,2.662741856665256
-0.021874919657097536,-3.945263000433694,1.5678010472429404,0.9414424605950716
3.2210316060022546,-1.1957999249243767,2.756118509253275,-2.6418623066852773
4.644766539008117,-2.962335408723109,0.23329631194741296,1.1540677244824091
-2.1286204191542444,2.9285441903383935,0.7759336588115753,1.2375002600233826
1.3458241755030373,2.979141596158941,-1.0402952733754511,3.08290240478942
4.150900684070432,0.3302886724613998,-3.42045177164652,-7.004170474043232
1.9589911816880248,2.9326135043825445,-1.8323832293247335,1.2957336172019127
3.5717925699875295,4.061432547657663,-2.230955126221911,-0.13026898725964653
4.83521472715222,-3.5928847195124156,-2.9798433159751,-3.0348023314582204
-3.1577516076197387,3.9398971000787046,1.5429255232496182,2.1510702275719713
-3.4789571677772715,-0.5967658163165099,1.15298025069802,-0.28607739525218123
-4.165359150106167,3.824163684073387,3.036035354415352,-1.1725233624747762
0.05206773576638213,4.671266152591704,-0.8223902072490032,2.902867318050546
4.8411031903649775,1.6791999880362702,1.3467127325394141,-0.9190150219784788
-3.34045104704215,3.819277583046439,-0.7251031207938485,2.562388485094635
-3.3776659421752067,-4.87392480024241,0.5975568363838253,3.3596187954904697
0.2739962212267635,2.193536223691586,3.902580530178021,-5.684488659628952
-4.205934153569705,2.3149649034036237,-3.1258805590241776,-2.189230038384153
3.581770531571639,3.1906351386165603,0.4079375498554434,1.7460335661620692
2.102427986233115,-1.8564988681625163,-0.28832101067185345,1.858212539939089
3.2163689771047164,-0.40734802826786076,-1.422017346745582,-0.8357742374323422
-0.05787552749700087,3.2824925243721843,-1.6479195262912727,1.5767753331751604
-3.262384068642562,2.120140203307807,3.2597821270808183,-3.4832337917554477
-3.9936252147646667,-2.6012588724405528,-3.580280102390061,-3.5391775052078875
-1.5205858841783337,-0.49649021094587376,2.4882633696330645,-3.666308539012688
1.5114758488167412,1.2092856747843115,-1.476250533903456,0.42890913730113017
3.4144755308476,-0.2871283260183546,4.791049380151545,-11.156611217797831
1.3414213829573685,-3.737352584354973,1.7617756207543405,2.1884821905186476
-1.74895984568301,1.8632719668609745,-4.303588518375943,-8.257263734589355
-3.251185628240406,3.557372589057863,-2.728204429764851,-1.217987465183217
3.3704112524294008,-2.207239115455896,1.4288191005870763,1.0680085213029356
1.9415057350983105,0.12654753145052933,-1.9468932330326871,-0.7146920022400649
-2.873556236289039,-4.668106454375738,-1.960535987592762,1.1055981471897782
1.5316279053128303,4.383048184484826,3.7120448226305207,-2.8139655089957727
2.6606477653530263,2.884473432532987,1.6498490347599528,1.259240267221155
-2.39713142433997,4.071950307058298,1.7073231190583407,1.0919139331276573
0.6044063098043999,-3.8901053078651895,-0.5294445619357457,3.2510877153852342
-0.3964172879807375,3.645636095226699,0.46648220187788425,1.5745666674404981
-1.1959945102959035,4.768003285106593,-3.892794066736843,-5.675756430719068
-0.7745157168805541,-4.579753248285947,2.3990412076693035,-0.542956795952644
4.180765521991507,-2.1996267044951057,3.583416767991208,-5.4249738620138395
-2.0778176953810226,4.107701616439153,2.5396190359678394,-1.2327006170957657
3.0490677684143854,-4.8199344439954555,4.62810357074026,-7.063922666088767
2.2667099207032324,-1.952489046138667,3.29394664858847,-3.6717473317380422
-2.1847880158507005,3.727538395661279,-3.87419609588063,-5.577981228815457
2.036859774607958,0.40698476644910286,-4.034655298045592,-7.638003892964101
-2.58106171741161,-4.8759596372268525,-0.3123203453549417,2.8573400973335055
-1.9873473923999962,0.9835748429775881,-2.027621922913828,-2.321730020148772
-2.0008088849301533,2.431931987316034,-4.518571640216465,-9.05823161076064
4.028949951919872,3.5226387439118145,1.678046832264065,0.15343374761632533
0.9322157010738428,3.923024981396523,-3.1466982047128553,-0.9673937031732264
-4.210308378091714,-2.604898300904619,2.945782787001903,-1.0974551382501196
-4.653297332735167,0.8280683508348963,4.954375161913099,-10.577419492015451
3.5569609383753935,0.2144568904358941,-4.363590907133577,-9.917879416988912
3.313735143857098,0.989785081772105,-3.8506700294043315,-6.728233775670584
-4.061427151766438,4.0962681943659245,1.6920026293807844,2.0300383471649717
3.2928679931675546,3.7897890028226726,0.7177235204832222,2.580333661828729
0.17446351755041256,-0.6957258967900977,-1.8305341220888072,-0.612239085446092
-0.6540403914128827,2.738796557301564,1.0192343101513153,1.3335505090567639
3.9252328995484618,-0.5661998562081223,1.0708957871875402,-1.2200795299566811
1.3130755309198872,0.9169716230632554,2.026337730855163,-0.36740336155859543
-2.625665316251937,0.12363777545790633,-3.9577519719165233,-8.698013849597372
-1.1548867235518747,-0.12332931378735612,1.522242595454725,-1.8865477599669427
4.5053105258620345,1.0065106654835585,2.4359391617655977,-3.1106967407639945
0.06266059495202736,1.3410403137633136,-4.2906778386622655,-8.674239522564854
-2.45608419158153,-1.381469067948613,-0.2750664499348643,0.04819000483093011
-4.543512544976163,-3.599759024466823,-2.2318569220869424,1.0463117111049802
4.715326909010507,-1.6865299289694926,-0.1795894188791749,0.2402333861857161
-3.0390228726160706,1.107800710757683,-2.193167844840257,-2.069470450209471
-2.9300742156157322,0.1657262844597902,-4.944942008395792,-12.292382053105017
-4.923359673507747,-2.8093119089814222,-4.632786374991788,-7.49290636779104
-3.9197424586930865,-1.611393506612484,3.025856795798129,-2.6542366208036787
0.7204864336930079,0.12667725956416387,-2.0651117679187836,-1.6834107254660553
4.317537194328164,-1.0298495876280835,-4.129072332042285,-8.410068178272756
1.1706651611780128,-3.861616065233986,-1.5477685719830792,2.9869167489243984
0.0741193871780883,3.742225246851758,-0.06453419659881376,2.6352342455076765
2.022587660316643,4.928168389990704,-3.685108801020184,-2.8437127752725115
-2.252684744804805,-1.054239244023536,-0.7817182146116863,-0.1872024042165874
-0.8897892473445426,4.07611002556555,2.140326444668564,-0.30611429429240267
1.079052140907038,-1.9062728213721791,3.2379038422129476,-2.868925466112094
4.550605114849889,3.2119828255022647,-4.984348948085271,-10.760621460490682
1.36401370183407,-4.488646185578993,-2.4239277966627815,0.5197194549943475
-4.404752996522284,1.0379545294938772,1.8658991349260674,0.33884583123056156
-3.855123619340949,-1.1616111695502052,-0.43763491044457936,1.434684106109343
-1.309469782390834,-3.7897499951480693,-0.8105220981252454,1.3139411954560214
2.511780478084181,-4.289923354667446,-4.198199859180965,-5.284767801830868
-1.4522870816401579,4.417257116189251,1.6857264672291405,0.5959238531994523
1.7866995667256482,-1.3808000916213503,0.9366079120853845,1.0857927830645908
-4.898688159722566,1.360960464095422,4.132869475762368,-6.061031822860179
1.1257346834481918,3.7369859346634513,2.2397305546609383,1.1125037494037002
-3.7944158359630977,4.024533072858418,-4.335561556442251,-5.813487700646305
0.33967472547763755,-3.5786287620654234,-4.882933892690959,-8.677730782034054
-0.77965739872361,-2.0495929234584374,-0.13999506202396983,0.6296345857075689
0.7719988673455083,-4.562609276910527,-3.7699670487625436,-3.1840073764569725
0.5864239645042533,-1.5683264682734177,2.2917348754944804,-0.9117638744524144
1.5229164859193967,3.4560436298990673,1.9249282666922527,1.960861509950707
-0.7006892260985182,1.7296662239443243,-2.246188257445815,-2.421365213085459
-1.936865012217873,2.889851599207933,-0.5358048359841785,1.1284957345815763
2.983803405183525,3.2242237366827844,3.575623376612837,-3.9830232003158614
4.166352358412073,-0.6901477948670376,-1.8113318167886119,-1.9758303652615568
0.8219874659411381,-1.288275765623724,1.0107416680023293,1.3409103804186853
2.055858626438246,1.884050184921369,-1.2544711297987865,1.400558456348613
-3.331397983012472,-0.6947066153779247,-3.5740585591809126,-6.018122768061431
3.900970351838083,-1.5412253926214259,-3.455402527766762,-5.475066530175169
-4.745522400942491,1.458223862864843,1.3690231745474328,0.9332338114107259
-1.593958334187083,-4.28288111152349,-0.9037110510476793,1.8068507516551153
-1.8878250493660644,1.7712063973500936,1.057792494526904,-0.20037804465297077
-1.3540627180246,-2.821074457450099,4.880359661555918,-11.56505828479802
-0.4599837880388513,1.8827423578023703,-3.5944703242163922,-5.502522800543802
-0.14410300340602156,-4.724632801305345,0.05455117910449925,2.692747921659725
4.640174071177023,-1.1579328701419977,-4.610039874250884,-11.262513806069723
-4.690442090806565,-1.120132400531305,-3.3997506353680595,-4.337605590017735
-4.766479036718141,2.562136139501768,-0.41476991118109297,2.9688147416789956
-2.1075522802734548,4.000831830164808,-3.838610397994744,-4.994639934010631
4.559188289553193,-1.8603328262264718,3.884036723086812,-6.941866308737382
1.0294287647946154,3.267073597414875,4.840131632104644,-8.581038922488927
-2.1159456218125428,4.61135485407593,-1.1051810509757964,1.7740064821244605
-1.1448809526307766,-1.596128957454943,0.41407607347585174,0.13216159825054852
-3.458549568215129,0.5371148535801122,0.4170481241000399,0.2698046508245372
2.6190181260487,3.3364996193758554,-0.5955864968757592,2.471307798824989
-1.9766675064850627,-2.4066510268290555,-3.0537616329512804,-4.191296575667909
-4.423524178009751,-1.5755202116528668,-2.2975230786921674,-0.5500327512621768
4.664173858664073,0.577088262500439,-1.5272296096949245,-1.8301817758119732
0.8046760099369603,-3.608032986543045,-0.5595625079779705,3.1753990721695984
1.262343214210638,-0.1110216820754859,-0.9822119934567572,0.3578945127687788
4.938483888996982,3.80314762148927,1.2340595815944013,0.71878574823919
0.6937736118228273,1.2066047982458405,-2.9868789217756673,-2.74031464937166
-1.048622567356814,-4.605404671091007,-0.24453962513173355,1.8087550575791376
0.43024583957663154,-2.722502638967904,4.640288471655138,-7.986574217349015
4.09454610937242,2.2214323545590586,0.3338662876536258,0.6092984920029066
3.6996915964768498,-3.6934765617653706,2.90509794274885,-2.2912238161282352
-3.751791860331517,2.9421066254940538,-2.2423243174864305,-0.1134354087170023
3.7709058101818886,4.440420938253979,-3.512040305948844,-3.8752528905331673
-0.3732439493460653,4.809873781626852,-0.16592564026853385,3.097848469010112
3.635475225145452,0.8873152213131981,-1.2467009208039812,-0.515769283136616
-2.142164444741298,-2.9677690891391273,2.6179819137769726,-1.6913868873635232
-1.1345949317697213,0.11275462200751107,-0.07674519998818052,-0.7400317912404765
0.7727902923313126,3.655771456245523,4.807393435834294,-8.523709697873244
-0.9241579142618308,3.2751892210630302,2.6452779465471767,-1.9342158430881295
0.735289514555733,4.560471436119331,-2.995254844715972,-0.9672200107815525
-3.907357896903786,3.539619669554222,-0.6085018336625172,3.511952744606146
3.469688542070605,3.930902051954149,-4.375424063809286,-7.452999035136244
3.8346476298606067,-0.5168094463057784,0.1043248900423226,-0.13949836683094785
1.265925110932102,4.263826067300867,-4.80883905570236,-7.386815592387329
-0.23156531682182901,1.877220424305607,2.2270695769822844,-0.6511477822877666
1.9253243153710802,-3.6556487059187814,-2.0060441162831877,1.4675068621835927
-1.4128447458298652,3.0443720767950495,-2.2124012758544698,-0.8921627457085318
-2.8929503613279683,4.574480190380962,-4.9113671488653114,-8.534689143104238
4.978208556819782,1.7682129885739561,3.28469299449117,-5.127325767550046
-2.0538060365380684,-4.8568472233294,2.3786951856153005,-0.972910790475456
3.341445970006758,2.404761319535192,-3.571497126991614,-5.225923094397941
2.5342792225696904,2.6892278210764093,1.5854051567005492,1.6357446796303678
2.661159327955862,3.4592143967773215,1.1360411423745838,1.8142669026800233
-4.113952860303209,-0.12372190332789135,-4.223506653283949,-8.18929116521362
-0.9245696896756916,-0.9289351087437234,-4.339901558597584,-9.462395143292088
-1.511794660305207,-3.8900190120868516,3.082352100092221,-2.9123342352287307
4.476880259644707,-4.276835247420614,4.551152072917015,-8.241599659589218
0.2257659933674514,-2.0043432204612612,-4.231379247238365,-7.048835001762169
0.006242680704177772,2.9451554449074866,2.0708647726669813,0.5150976644756888
-4.497739885360263,-4.270981646320965,-0.9712671736736294,3.1767345137583263
-2.0470950595205673,-2.6761567694395216,-2.189955010912864,-1.3902814504376626
3.0348274329688465,4.29228053631854,-0.9489730547243358,2.3909822793605686
4.061110021324971,-1.7850429875211802,-0.23563013656208387,0.8578236564723474
-2.739710021840003,1.4047604217584393,4.78981115174809,-10.502487645060256
1.0349309604337869,-1.4218591588645113,1.4781744599052837,1.008508952465501
-3.7707932153461243,3.886590802653986,0.03083950779836364,3.7222374607979742
-0.5065025796035796,0.8586478845351921,1.2478386278940246,-1.0647663154036815
-4.28224193773487,1.8261722122340238,-2.580683196844704,-0.45419152219366454
2.139526325065898,3.2253479438419674,3.0395850755252027,-0.8861164776298054
0.5250096740788912,0.2016989231075117,-3.571240386605883,-5.6150942691918155
2.753461504031356,-2.2859061955328563,-0.03304577182053414,2.741085314700555
-2.157259070724833,-3.6617163700030684,1.2955769689173655,0.4986449114629588
-4.456679651770962,2.486452341262,-1.8241320473888334,1.118060711847999
-4.998653069955147,0.11129139237229779,-4.531480914723969,-9.516135502792629
-2.238304421791005,2.069764874557162,-4.373103783781342,-8.4662717211217
3.393384923560024,-4.9618007734141685,-2.5317613079809775,-0.5257375069010006
2.4090405615207144,-1.8372985027069322,-3.981076119339865,-5.552407085927147
-1.3976608119957215,-2.2960671361547447,3.4271190216055487,-4.610377787624334
-1.8665208241485685,2.889324717760072,3.9187214481073482,-6.191035749668795
-0.6618258042347049,4.09943143854392,-1.2268194603680715,1.5975224192094615
4.640784164901081,-4.10710475474427,1.8701926650324276,-0.15958105188499477
-0.061859595430712844,-1.1235119454435294,1.3271187874860093,-0.38012482604586484
2.0385709163433123,-4.95636730349691,-3.3304691125280126,-1.0373058534305453
2.130460506343187,1.6638541357820644,4.660475051286772,-8.452122387122333
2.61037790250783,4.50772707731338,2.0254050153480696,1.5033694669095932
-2.0194779136055683,-3.9463507774914355,2.818238633449356,-2.1898109812291273
1.4414922147591591,-4.518139876067037,-1.3994953409902164,2.468641568785795
4.567998154842861,0.00401145710201245,-0.6727086398029538,-1.537101834344412
-0.42300394840706,-2.9111727599483626,-1.3129282913520477,1.54968292516085
-1.301867440128234,-4.476449798125276,2.6756762851791827,-1.8814555272969242
-0.83495568096121,3.2217988681642336,3.5034800111989544,-4.389752543568352
-2.8800594530134194,1.5735348217012852,-0.2771819583701829,1.2511419663161296
3.80156737921485,-2.842593208235459,1.778132003100442,-0.3643391832649951
1.077521222527226,-2.046985224281672,-3.633990963488274,-4.019982927385883
1.5163976047727656,2.385974581323307,-1.8437265623665002,1.4812750805229786
1.4483260402231384,-1.0486909238849673,2.132068832826177,-0.5347795199940881
-3.007847251059469,3.9021500263617437,-2.1259040353442025,1.254102554943281
-1.322140122438471,-4.419080479196502,-3.884877876787236,-5.9941587718889
0.15861902712328124,-2.324073232720285,3.3548022574219445,-3.295272157890966
-4.853066113450462,-1.2090595132806383,-1.6265445323090733,0.5163601078363401
-4.80672369082399,-3.756316009994898,-0.8635732508136478,3.5696012643769013
-0.07135415552553326,-0.9571025274513092,0.3093767841209383,0.6635048214022026
0.9513167490568151,-4.900761788721644,-0.35904840546496075,3.74935021752136
4.634992408875883,0.19032280129548695,1.7754226745895316,-2.4687881507469167
-1.8813614208311682,2.7399137815276253,2.729214818761151,-3.092933884826788
0.21296047654138928,4.760138232792135,-3.744497852373466,-3.4545633717826134
-4.8305233511041905,2.7015821175709593,3.0715553736488257,-1.5186681090856136
-3.7979277087942376,-2.3441716704139393,-4.824476366333711,-8.964916259920887
-2.066913892194353,2.731418739186715,0.17960527712578944,1.5572949935397498
-1.5190440683171191,-1.2826070509366971,-4.986463742845318,-12.348083897164173
-2.0019947243476413,1.4645874163793051,4.741944438163571,-10.961238148474473
3.470608269838994,-4.764050353544709,3.9856060467483942,-5.364646208518743
2.8319841329862596,2.8037612357098043,-0.4200424099642852,2.1844700742646395
-1.0199470704549718,-1.970842711668074,-4.343051410456342,-8.341097906295103
-2.717646365063009,-2.5339636502197536,-0.15922930289798387,2.011173071551308
2.4744440659669396,-0.26190171602053347,-4.421555505528394,-9.16141883806599
4.577898009882039,4.427243190941123,2.851895431484084,-2.0185081783763863
4.913279015642205,0.444823328002629,4.6276835025320615,-11.77845784198219
-4.243949593832492,-1.3431925173862869,-2.746187319932342,-1.4955651438304225
-3.0416691586572995,-3.591970511073239,1.2241364156599666,1.982663623907108
2.813218557473051,0.7829839942036063,-3.530372904117903,-4.848761327497076
3.1112376993347084,1.3595470716372846,-1.118342938730045,0.18825418832892454
1.7413029553606298,-2.4009502075716718,-1.548077915057895,1.5855214421857695
4.174858431319903,-2.094954943285796,-0.30011731842063405,0.8497523218154553
3.901411373960146,2.0772135026752743,-4.3779677383529725,-8.407645553406985
-3.526969557210297,-4.921584092280832,1.3092179022916337,2.6818986068019313
-0.5232657458958165,-3.6572514909772447,4.579341210567705,-8.581258282127067
0.2965972394561991,-2.581067058871108,0.006035711547075273,2.592932694089761
1.796203327351078,-4.237607820264355,-2.25296184952108,1.595315421634684
3.0696549088399365,-0.4033512959733878,0.46577142032294905,-0.16073978753507845
-0.6718399779053073,-4.561000573569949,-3.3425022017984407,-2.7199197752775093
-0.544583612581091,-2.9081453459207216,-4.500209713403213,-8.046158181838592
3.4364966405182376,4.811925291641158,2.9314287399673944,-1.3625203891897264
3.53784921704667,-2.580228696829546,4.606269755131997,-8.935252834616866
-3.0307429554657164,4.514298103618323,4.94819293965951,-9.124308312979013
2.117228057460487,4.8114373179182195,0.6953977956710364,3.5383656541214314
-2.404582168239097,-0.6300411433437914,0.9356093537878598,-0.7664576194619067
-4.26918437972985,1.2234326461724612,4.811778367622946,-10.40393365752035
-3.098923502162724,2.925951162883833,4.078987937796194,-5.841078591638732
4.437015928202207,4.601356044054473,0.2145963872147192,1.645054164059705
4.773079079915037,2.5731020713443886,-3.3832856376303813,-4.239555353204357
-0.23099893532029991,2.18331175372004,-2.526596841809167,-1.7677058267547396
1.406151835488874,1.666004790466192,-3.3730025619143413,-3.437044665479307
0.650853124527563,2.7162691097860767,-0.011043354640580816,2.543107486593275
-4.878968832238925,-4.909615309207078,-1.429706560299878,3.1007555854745763
4.261940684317819,-2.713232203963912,1.3436368887168717,0.7462806043362353
-2.7792412930667942,-1.783300103404514,3.4804208960148397,-5.727131945914664
2.288614422699469,-4.046007226867894,-0.7129797901356643,3.7369168029089024
-4.7083023635473555,-0.19109853396991028,1.6243401170106804,-0.18197406806673494
-3.814973764018484,-2.1111506109083433,-1.0216337449784305,1.4365496616911482
4.1953102465604974,4.93255015422964,-4.550887010043842,-8.315155522486103
2.61007923495392,-1.2827593359765679,-1.0754181377051997,1.4043436883686506
2.5426497334702267,4.184264321454087,4.509285945025484,-6.96850547821233
0.7712258603832076,-1.428788406994972,2.875490858587792,-2.670884343607767
-2.4899861673769976,0.6407402883351772,-1.4142153847512686,-0.9212943720439974
1.5663107370787612,-2.596010871064931,-3.0840705426517423,-1.6078820698504264
4.182390866754371,-3.981963170504631,0.059579077349316556,1.6787479669655498
-2.791472170369911,-4.610700366743325,-4.639811817085736,-7.939223781859132
-3.2477822789417266,3.667703545060002,-2.1752125602297334,0.10332574595792515
4.504591705752958,0.8162229298919357,-0.6338581023123391,-0.33857183837193466
0.8008883466945456,0.16698385226267742,2.5877625375732514,-2.2843695233267995
-2.1750393402714776,-1.469496083996976,3.9409430253325066,-7.278458444050745
4.464565131504054,3.9255822748647446,-0.805520060426864,1.612521379972441
2.803655030068817,-0.23664266698901226,-0.024601478538977872,0.9140838406160509
-2.9531989094271607,0.911303032585165,-3.138641022466521,-4.508334615666454
-1.6843530093280625,3.5503020161993515,-2.9292419078914476,-3.0279394456517164
-4.288417148265672,-4.309924073871837,4.407845205031078,-5.693969314197003
0.06920437961834658,-0.9058792818298169,3.1087858100791834,-3.5381357335251815
3.3582592791051606,-1.678089668843954,1.9361805747379526,-1.054602035816813
2.711228158518866,1.5465068686595451,-3.4840492519990063,-4.539209932657049
3.7588308351705706,0.3909455273600866,-2.1752757362999633,-2.677536535955556
-0.747718145623061,-4.624289096010926,-3.7213319877758244,-4.511946080018072
2.655467505158608,-4.999883652446338,-0.8343417151770787,3.0825011202957198
0.2251018108558842,-4.453655799990277,4.730781629723328,-7.593747787647695
-2.738746687503281,-1.9580128036371915,-1.9605748774497265,-0.04231694562237476
-2.695833378826501,-4.985261779136886,2.2934479408799637,0.2501648896618019
4.668454997992853,-2.757065167149549,1.6304719180342246,-0.44754893264929113
2.4189632695871506,3.484253790905248,-0.7737080298639087,2.4730218370431265
-1.9706909435957076,-1.747048659769689,2.126213330985128,-1.7048460311380755
3.167794665056361,-3.1838603224339734,-1.2905899184223477,1.8824229159570633
4.0194019674915005,3.0669351969473926,4.848584027624758,-10.038783088901665
2.5424825968208076,-1.0680479897207773,0.9063783399463778,0.9135710095141389
1.610142542473203,-4.21544183682876,0.4449695910386513,3.6557027538611884
2.0932082847260958,-3.326786959989396,2.8063171742555717,-0.9082220888797574
0.8377278051411166,4.522217856975946,-4.575777017931083,-6.409571840808802
-2.3467386244453303,1.0155387929982407,-2.0344008779406932,-1.8003380003480272
2.144241640712422,2.59005282521931,-3.9748403593352553,-5.481052873475483
0.1385446420676768,0.08890555591055893,-1.3071922978445896,-0.2314491863119888
4.329248625696721,3.2750631987322123,1.9720938190963677,-0.23803896518535095
2.143266357349976,-0.3828385618688088,4.209945210965758,-7.464604611631883
1.9459542725328536,2.2898106165581646,3.6169090378734516,-4.181705956872866
-2.25928410657809,3.0707090386670295,-3.04759397043508,-3.4812547260998246
-1.5465804775511218,-1.6438954573015732,4.785254683891406,-11.184749627027516
3.5653722374792682,2.0116986159025974,2.270567616153901,-1.2193315508846898
0.6207279440257105,4.47090667108519,-0.0374124711763848,4.163834663695242
-1.1948229013010545,-3.36964663068409,2.8620565226105796,-2.2999888774808186
2.3444393207559147,-1.1564496147586514,-4.748065860407706,-9.780470386308833
3.3899732771801077,-4.885820165459264,2.0369977962905095,0.585286688163505
4.70257109726057,-0.6233867185179651,-2.650265950040472,-3.8146024685816395
2.0487101004338175,3.171281420155852,0.46430316077847333,2.8938220765040974
4.670352752561461,-4.483312783420389,0.04795598304528159,2.5375515428217343
2.1845394732255006,3.626404711491789,-3.2074438809220993,-1.7618936193175199
3.0000348176368146,0.5270707571854523,-1.034463180100368,0.3283457783518212
-3.6828497142090644,3.652957589089125,-3.4272679182028467,-2.4908508791820108
-1.9021214079090076,-2.0995446803756312,3.714140341908543,-6.196234430521256
